workload,structure,n,m,runs,mean_ns,mean_ms,min_ms,max_ms,sd_ms,mean_accesses,mean_comparisons,mean_movements,batches,theory
W1_access,DynamicArray,100,10000,5,95906.4,0.095906,0.076821,0.171583,0.042305,10000,0,0,1,Theta(m)
W2_search,DynamicArray,100,1000,5,117264.6,0.117265,0.090528,0.219397,0.057110,75912,75912,0,1,Theta(m*n) expected
W3_insert_front,DynamicArray,100,1000,5,481488.2,0.481488,0.322814,0.624313,0.132108,1203840,0,601420,1,Theta(m*n+m^2)
W3_remove_front,DynamicArray,100,1000,5,173249.4,0.173249,0.060814,0.582416,0.228906,100000,0,49500,10,Theta(m*n) under the batch protocol
W3_insert_middle,DynamicArray,100,1000,5,356207.2,0.356207,0.289294,0.560618,0.115227,1103840,0,551420,1,Theta(m*n+m^2)
W3_remove_middle,DynamicArray,100,1000,5,81601.2,0.081601,0.052011,0.194545,0.063150,50000,0,24500,20,Theta(m*n) under the batch protocol
W1_access,LinkedList,100,10000,5,831233.6,0.831234,0.753643,1.108516,0.155287,511261,0,0,1,Theta(m*n) expected
W2_search,LinkedList,100,1000,5,238080.0,0.238080,0.221637,0.272077,0.022402,75912,75912,0,1,Theta(m*n) expected
W3_insert_front,LinkedList,100,1000,5,194482.8,0.194483,0.138647,0.372242,0.099860,1000,0,0,1,Theta(m)
W3_remove_front,LinkedList,100,1000,5,47745.2,0.047745,0.046559,0.049223,0.001070,1000,0,0,10,Theta(m)
W3_insert_middle,LinkedList,100,1000,5,208040.0,0.208040,0.201937,0.223987,0.009085,51000,0,0,1,Theta(m*n)
W3_remove_middle,LinkedList,100,1000,5,127821.8,0.127822,0.114577,0.143610,0.012517,51000,0,0,20,Theta(m*n)
W4_insert,MinHeap,100,100,5,20782.4,0.020782,0.007662,0.057091,0.021159,0,220,366,1,Theta(n) expected; O(n*log(n)) worst
W4_extract,MinHeap,100,100,5,14232.4,0.014232,0.011899,0.021204,0.003928,0,855,923,1,Theta(n*log(n)) expected; O(n*log(n)) worst
W1_access,DynamicArray,1000,10000,5,55276.6,0.055277,0.029510,0.080447,0.025283,10000,0,0,1,Theta(m)
W2_search,DynamicArray,1000,1000,5,613367.6,0.613368,0.512282,0.888187,0.159250,740571,740571,0,1,Theta(m*n) expected
W3_insert_front,DynamicArray,1000,1000,5,688233.8,0.688234,0.610106,0.828982,0.102383,3002048,0,1500524,1,Theta(m*n+m^2)
W3_remove_front,DynamicArray,1000,1000,5,254867.2,0.254867,0.235226,0.274826,0.018374,1000000,0,499500,1,Theta(m*n) under the batch protocol
W3_insert_middle,DynamicArray,1000,1000,5,456444.0,0.456444,0.427465,0.508187,0.033985,2002048,0,1000524,1,Theta(m*n+m^2)
W3_remove_middle,DynamicArray,1000,1000,5,132875.4,0.132875,0.120750,0.152236,0.011955,500000,0,249500,2,Theta(m*n) under the batch protocol
W1_access,LinkedList,1000,10000,5,10593815.2,10.593815,10.144375,11.414972,0.526940,5021758,0,0,1,Theta(m*n) expected
W2_search,LinkedList,1000,1000,5,1927573.2,1.927573,1.872317,2.020988,0.068209,740571,740571,0,1,Theta(m*n) expected
W3_insert_front,LinkedList,1000,1000,5,155495.0,0.155495,0.127941,0.174171,0.019842,1000,0,0,1,Theta(m)
W3_remove_front,LinkedList,1000,1000,5,23365.2,0.023365,0.010553,0.064193,0.023152,1000,0,0,1,Theta(m)
W3_insert_middle,LinkedList,1000,1000,5,1356891.6,1.356892,1.107899,2.091798,0.421925,501000,0,0,1,Theta(m*n)
W3_remove_middle,LinkedList,1000,1000,5,1107616.6,1.107617,0.995401,1.369501,0.151476,501000,0,0,2,Theta(m*n)
W4_insert,MinHeap,1000,1000,5,625534.8,0.625535,0.105125,2.255218,0.919102,0,2281,3576,1,Theta(n) expected; O(n*log(n)) worst
W4_extract,MinHeap,1000,1000,5,161368.4,0.161368,0.094866,0.231130,0.057250,0,15018,15695,1,Theta(n*log(n)) expected; O(n*log(n)) worst
W1_access,DynamicArray,10000,10000,5,91210.6,0.091211,0.031856,0.194467,0.064011,10000,0,0,1,Theta(m)
W2_search,DynamicArray,10000,1000,5,7706681.4,7.706681,4.675874,10.108353,2.754679,7478562,7478562,0,1,Theta(m*n) expected
W3_insert_front,DynamicArray,10000,1000,5,5699285.4,5.699285,3.715597,7.106024,1.490586,21000000,0,10499500,1,Theta(m*n+m^2)
W3_remove_front,DynamicArray,10000,1000,5,5009604.4,5.009604,4.057852,5.945070,0.879270,19000000,0,9499500,1,Theta(m*n) under the batch protocol
W3_insert_middle,DynamicArray,10000,1000,5,2920179.8,2.920180,2.088759,3.586266,0.768077,11000000,0,5499500,1,Theta(m*n+m^2)
W3_remove_middle,DynamicArray,10000,1000,5,2532929.2,2.532929,2.141113,2.857542,0.301515,9000000,0,4499500,1,Theta(m*n) under the batch protocol
W1_access,LinkedList,10000,10000,5,113106178.8,113.106179,107.816407,127.057217,7.875175,50177030,0,0,1,Theta(m*n) expected
W2_search,LinkedList,10000,1000,5,19888827.8,19.888828,18.877302,21.183846,0.934553,7478562,7478562,0,1,Theta(m*n) expected
W3_insert_front,LinkedList,10000,1000,5,152340.8,0.152341,0.054348,0.231629,0.068262,1000,0,0,1,Theta(m)
W3_remove_front,LinkedList,10000,1000,5,35334.6,0.035335,0.011359,0.069732,0.027170,1000,0,0,1,Theta(m)
W3_insert_middle,LinkedList,10000,1000,5,10732517.4,10.732517,10.301421,11.270166,0.390297,5001000,0,0,1,Theta(m*n)
W3_remove_middle,LinkedList,10000,1000,5,11012721.6,11.012722,10.323432,12.593717,0.923456,5001000,0,0,1,Theta(m*n)
W4_insert,MinHeap,10000,10000,5,807918.0,0.807918,0.432174,1.047354,0.307539,0,22918,42234,1,Theta(n) expected; O(n*log(n)) worst
W4_extract,MinHeap,10000,10000,5,1340480.0,1.340480,1.171825,1.525777,0.153083,0,216624,223541,1,Theta(n*log(n)) expected; O(n*log(n)) worst
W1_access,DynamicArray,100000,10000,5,53787.8,0.053788,0.035483,0.111529,0.032527,10000,0,0,1,Theta(m)
W2_search,DynamicArray,100000,1000,5,48324978.0,48.324978,46.378583,49.787990,1.618009,74864907,74864907,0,1,Theta(m*n) expected
W3_insert_front,DynamicArray,100000,1000,5,37120313.2,37.120313,35.090241,44.173395,3.961222,201000000,0,100499500,1,Theta(m*n+m^2)
W3_remove_front,DynamicArray,100000,1000,5,46483504.0,46.483504,40.772569,68.658191,12.398039,199000000,0,99499500,1,Theta(m*n) under the batch protocol
W3_insert_middle,DynamicArray,100000,1000,5,19517181.2,19.517181,17.573299,25.559173,3.389451,101000000,0,50499500,1,Theta(m*n+m^2)
W3_remove_middle,DynamicArray,100000,1000,5,23745779.2,23.745779,20.193939,35.894342,6.807717,99000000,0,49499500,1,Theta(m*n) under the batch protocol
W1_access,LinkedList,100000,10000,5,1137134463.4,1137.134463,1101.389561,1174.127104,34.779717,505044105,0,0,1,Theta(m*n) expected
W2_search,LinkedList,100000,1000,5,205394459.8,205.394460,194.122919,231.904261,16.243215,74864907,74864907,0,1,Theta(m*n) expected
W3_insert_front,LinkedList,100000,1000,5,62804.8,0.062805,0.016599,0.096852,0.038226,1000,0,0,1,Theta(m)
W3_remove_front,LinkedList,100000,1000,5,7055.6,0.007056,0.006665,0.007713,0.000432,1000,0,0,1,Theta(m)
W3_insert_middle,LinkedList,100000,1000,5,107672068.8,107.672069,103.575491,119.604144,6.745765,50001000,0,0,1,Theta(m*n)
W3_remove_middle,LinkedList,100000,1000,5,107667496.0,107.667496,104.032376,120.984095,7.449585,50001000,0,0,1,Theta(m*n)
W4_insert,MinHeap,100000,100000,5,5236889.6,5.236890,2.652393,7.022950,1.714349,0,227941,386962,1,Theta(n) expected; O(n*log(n)) worst
W4_extract,MinHeap,100000,100000,5,14342128.0,14.342128,13.537139,16.707569,1.341864,0,2831730,2901807,1,Theta(n*log(n)) expected; O(n*log(n)) worst
